Component,Explained_Variance_Ratio,Cumulative_Variance_Ratio
PC1,0.8275785262594126,0.8275785262594126
PC2,0.15788082371381784,0.9854593499732305
PC3,0.01454065002676959,1.0
